,NPR,KD
0,4,1.0
1,1,1.0
2,1,1.0
3,1,1.0
4,1,1.0
5,1,1.0
6,1,1.0
7,1,1.0
8,1,1.0
9,1,1.0
10,1,1.0
11,1,1.0
12,1,1.0
13,1,1.0
14,1,1.0
15,1,1.0
16,1,1.0
17,1,1.0
18,1,1.0
19,1,1.0
20,1,1.0
21,1,1.0
22,1,1.0
23,1,1.0
24,1,1.0
25,1,1.0
26,1,1.0
27,1,1.0
28,1,1.0
29,1,1.0
30,1,1.0
31,1,1.0
32,1,1.0
33,1,1.0
34,1,1.0
35,1,1.0
36,1,1.0
37,1,1.0
38,5,5.0
39,1,1.0
40,1,1.0
41,1,1.0
42,1,1.0
43,1,1.0
44,1,1.0
45,1,1.0
46,1,1.0
47,1,1.0
48,1,1.0
49,1,1.0
50,1,1.0
51,4,1.0
52,1,1.0
53,1,1.0
54,1,1.0
55,1,1.0
56,1,1.0
57,1,1.0
58,1,1.0
59,1,1.0
60,1,1.0
61,1,1.0
62,1,1.0
63,1,1.0
64,1,1.0
65,1,1.0
66,1,1.0
67,1,1.0
68,1,1.0
69,1,1.0
70,1,1.0
71,1,1.0
72,1,1.0
73,1,1.0
74,1,1.0
75,1,1.0
76,1,1.0
77,1,1.0
78,1,1.0
79,1,1.0
80,1,1.0
81,1,1.0
82,1,1.0
83,1,5.0
84,1,1.0
85,1,1.0
86,1,1.0
87,1,1.0
88,1,1.0
89,1,1.0
90,1,1.0
91,1,1.0
92,1,1.0
93,1,1.0
94,1,1.0
95,1,1.0
96,1,1.0
97,1,1.0
98,1,1.0
99,1,1.0
100,1,1.0
101,1,1.0
102,1,1.0
103,1,1.0
104,1,1.0
105,1,1.0
106,1,1.0
107,1,1.0
108,1,1.0
109,1,1.0
110,1,1.0
111,1,1.0
112,1,1.0
113,1,1.0
114,1,1.0
115,1,1.0
116,1,1.0
117,1,1.0
118,1,1.0
119,1,1.0
120,1,1.0
121,1,1.0
122,1,1.0
123,1,1.0
124,1,1.0
125,1,1.0
126,1,1.0
127,1,1.0
128,1,1.0
129,1,1.0
130,1,1.0
131,1,1.0
132,1,1.0
133,1,1.0
134,1,1.0
135,1,1.0
136,1,1.0
137,1,1.0
138,1,1.0
139,1,1.0
140,1,1.0
141,1,1.0
142,1,1.0
143,1,1.0
144,1,1.0
145,1,1.0
146,1,1.0
147,1,1.0
148,1,1.0
149,1,1.0
150,1,1.0
151,1,1.0
152,1,1.0
153,1,1.0
154,1,1.0
155,1,1.0
156,4,1.0
157,1,1.0
158,1,1.0
159,2,2.0
160,1,1.0
161,1,1.0
162,1,1.0
163,1,1.0
164,1,1.0
165,1,1.0
166,1,1.0
167,1,1.0
168,1,1.0
169,1,1.0
170,1,1.0
171,1,1.0
172,1,1.0
173,1,1.0
174,1,1.0
175,1,1.0
176,1,1.0
177,1,1.0
178,1,1.0
179,1,1.0
180,1,1.0
181,1,1.0
182,1,1.0
183,1,1.0
184,1,1.0
185,1,1.0
186,1,1.0
187,1,1.0
188,1,1.0
189,1,1.0
190,1,1.0
191,1,1.0
192,1,1.0
193,1,1.0
194,1,1.0
195,1,1.0
196,1,1.0
197,1,1.0
198,1,1.0
199,1,1.0
200,1,1.0
201,1,1.0
202,1,1.0
203,1,1.0
204,1,1.0
205,1,1.0
206,1,1.0
207,1,1.0
208,1,1.0
209,1,1.0
210,1,1.0
211,1,1.0
212,1,1.0
213,1,1.0
214,1,1.0
215,1,1.0
216,1,1.0
217,1,1.0
218,1,1.0
219,1,1.0
220,1,1.0
221,1,1.0
222,1,1.0
223,1,1.0
224,1,1.0
225,1,1.0
226,1,1.0
227,1,1.0
228,1,1.0
229,1,1.0
230,1,1.0
231,1,1.0
232,1,1.0
233,1,1.0
234,1,1.0
235,1,1.0
236,1,1.0
237,1,1.0
238,1,1.0
239,1,1.0
240,1,1.0
241,1,1.0
242,1,1.0
243,1,1.0
244,1,1.0
245,1,1.0
246,1,1.0
247,1,1.0
248,1,1.0
249,1,1.0
250,1,1.0
251,1,1.0
252,1,1.0
253,1,1.0
254,1,1.0
255,1,1.0
256,1,1.0
257,1,1.0
258,1,1.0
259,1,1.0
260,1,1.0
261,1,1.0
262,1,1.0
263,1,1.0
264,1,1.0
265,1,1.0
266,1,1.0
267,1,1.0
268,1,1.0
269,1,1.0
270,1,1.0
271,1,1.0
272,1,1.0
273,1,1.0
274,1,1.0
275,1,1.0
276,1,1.0
277,1,1.0
278,1,1.0
279,1,1.0
280,1,1.0
281,1,1.0
282,1,1.0
283,1,1.0
284,1,1.0
285,1,1.0
286,1,1.0
287,1,1.0
288,1,1.0
289,1,1.0
290,1,1.0
291,1,1.0
292,1,1.0
293,1,1.0
294,1,1.0
295,1,1.0
296,1,1.0
297,1,1.0
298,1,1.0
299,1,1.0
300,1,1.0
301,1,1.0
302,1,1.0
303,1,1.0
304,1,1.0
305,1,1.0
306,1,1.0
307,1,1.0
308,1,1.0
309,1,1.0
310,1,1.0
311,1,1.0
312,1,1.0
313,1,1.0
314,1,1.0
315,1,1.0
316,1,1.0
317,1,1.0
318,1,1.0
319,1,1.0
320,1,1.0
321,1,1.0
322,1,1.0
323,1,1.0
324,1,1.0
325,1,1.0
326,1,1.0
327,1,1.0
328,1,1.0
329,1,1.0
330,1,1.0
331,1,1.0
332,1,1.0
333,1,1.0
334,1,1.0
335,1,1.0
336,1,1.0
337,1,1.0
338,1,1.0
339,1,1.0
340,1,1.0
341,1,1.0
342,1,1.0
343,1,1.0
344,1,1.0
345,1,1.0
346,1,1.0
347,1,1.0
348,1,1.0
349,1,1.0
350,1,1.0
351,1,1.0
352,1,1.0
353,1,1.0
354,1,1.0
355,1,1.0
356,1,1.0
357,1,1.0
358,1,1.0
359,1,1.0
360,1,1.0
361,1,1.0
362,1,1.0
363,1,1.0
364,1,1.0
365,1,1.0
366,1,1.0
367,1,1.0
368,1,1.0
369,1,1.0
370,1,1.0
371,1,1.0
372,1,1.0
373,1,1.0
374,1,1.0
375,1,1.0
376,1,1.0
377,1,1.0
378,1,1.0
379,1,1.0
380,1,1.0
381,1,1.0
382,1,1.0
383,1,1.0
384,1,1.0
385,1,1.0
386,1,1.0
387,1,1.0
388,1,1.0
389,1,1.0
390,1,1.0
391,1,1.0
392,1,1.0
393,1,1.0
394,1,1.0
395,1,1.0
396,1,1.0
397,1,1.0
398,1,1.0
399,1,1.0
400,1,1.0
401,1,1.0
402,1,1.0
403,1,1.0
404,1,1.0
405,1,1.0
406,1,1.0
407,1,1.0
408,1,1.0
409,1,1.0
410,1,1.0
411,4,1.0
412,1,1.0
413,1,1.0
414,1,1.0
415,1,1.0
416,1,1.0
417,1,1.0
418,1,1.0
419,1,1.0
420,1,1.0
421,3,1.0
422,1,1.0
423,3,1.0
424,1,1.0
425,1,1.0
426,1,1.0
427,1,1.0
428,1,1.0
429,1,1.0
430,1,1.0
431,1,1.0
432,1,1.0
433,1,1.0
434,1,1.0
435,1,1.0
436,1,1.0
437,1,1.0
438,1,1.0
439,1,1.0
440,1,1.0
441,1,1.0
442,1,1.0
443,1,1.0
444,1,1.0
445,1,1.0
446,1,1.0
447,1,1.0
448,1,1.0
449,1,1.0
450,3,3.0
451,3,1.0
452,1,1.0
453,1,1.0
454,1,1.0
455,1,1.0
456,3,1.0
457,1,1.0
458,1,1.0
459,1,1.0
460,1,1.0
461,2,2.0
462,6,6.0
463,2,2.0
464,2,2.0
465,2,2.0
466,2,2.0
467,2,2.0
468,2,2.0
469,2,2.0
470,2,2.0
471,2,2.0
472,2,2.0
473,2,2.0
474,2,2.0
475,5,5.0
476,2,2.0
477,2,2.0
478,2,2.0
479,5,5.0
480,2,2.0
481,2,2.0
482,2,2.0
483,5,5.0
484,2,2.0
485,2,2.0
486,2,2.0
487,2,2.0
488,2,2.0
489,2,2.0
490,2,2.0
491,4,4.0
492,2,2.0
493,2,2.0
494,2,2.0
495,2,2.0
496,2,2.0
497,2,2.0
498,2,2.0
499,2,2.0
500,2,2.0
501,2,2.0
502,2,2.0
503,2,2.0
504,2,2.0
505,2,2.0
506,2,2.0
507,2,2.0
508,2,2.0
509,2,2.0
510,2,2.0
511,2,2.0
512,2,2.0
513,2,2.0
514,2,2.0
515,2,2.0
516,2,2.0
517,2,2.0
518,2,2.0
519,2,2.0
520,2,2.0
521,2,2.0
522,2,2.0
523,2,2.0
524,2,2.0
525,2,2.0
526,2,2.0
527,2,2.0
528,2,2.0
529,2,2.0
530,2,2.0
531,2,2.0
532,2,2.0
533,2,2.0
534,2,2.0
535,2,2.0
536,2,2.0
537,2,2.0
538,2,2.0
539,2,2.0
540,2,2.0
541,2,2.0
542,2,2.0
543,2,2.0
544,2,2.0
545,2,2.0
546,2,2.0
547,2,2.0
548,2,2.0
549,2,2.0
550,2,2.0
551,2,2.0
552,2,2.0
553,2,2.0
554,2,2.0
555,2,2.0
556,2,2.0
557,2,2.0
558,2,2.0
559,2,2.0
560,2,2.0
561,2,2.0
562,2,2.0
563,2,2.0
564,2,2.0
565,2,2.0
566,2,2.0
567,2,2.0
568,2,2.0
569,2,2.0
570,2,2.0
571,2,2.0
572,2,2.0
573,2,2.0
574,2,2.0
575,2,2.0
576,2,2.0
577,2,2.0
578,2,2.0
579,2,2.0
580,2,2.0
581,2,2.0
582,2,2.0
583,2,2.0
584,2,2.0
585,2,2.0
586,2,2.0
587,2,2.0
588,2,2.0
589,2,2.0
590,2,2.0
591,2,2.0
592,2,2.0
593,2,2.0
594,2,2.0
595,2,2.0
596,2,2.0
597,2,2.0
598,2,2.0
599,2,2.0
600,2,2.0
601,2,2.0
602,2,2.0
603,2,2.0
604,2,2.0
605,2,2.0
606,2,2.0
607,2,2.0
608,2,2.0
609,2,2.0
610,2,2.0
611,2,2.0
612,2,2.0
613,2,2.0
614,2,2.0
615,2,2.0
616,2,2.0
617,2,2.0
618,2,2.0
619,2,2.0
620,2,2.0
621,2,2.0
622,2,2.0
623,2,2.0
624,2,2.0
625,2,2.0
626,2,2.0
627,2,2.0
628,2,2.0
629,2,2.0
630,2,2.0
631,2,2.0
632,2,2.0
633,2,2.0
634,2,2.0
635,2,2.0
636,2,2.0
637,2,2.0
638,2,2.0
639,2,2.0
640,2,2.0
641,2,2.0
642,2,2.0
643,2,2.0
644,2,2.0
645,2,2.0
646,2,2.0
647,2,2.0
648,2,2.0
649,2,2.0
650,2,2.0
651,2,2.0
652,2,2.0
653,2,2.0
654,2,2.0
655,2,2.0
656,2,2.0
657,2,2.0
658,2,2.0
659,2,2.0
660,2,2.0
661,2,2.0
662,2,2.0
663,2,2.0
664,2,2.0
665,2,2.0
666,2,2.0
667,2,2.0
668,2,2.0
669,2,2.0
670,2,2.0
671,2,2.0
672,2,2.0
673,2,2.0
674,2,2.0
675,2,2.0
676,2,2.0
677,2,2.0
678,2,2.0
679,3,3.0
680,2,2.0
681,2,2.0
682,2,2.0
683,2,2.0
684,6,6.0
685,6,6.0
686,6,6.0
687,3,2.0
688,3,3.0
689,3,3.0
690,6,6.0
691,3,3.0
692,6,6.0
693,3,3.0
694,3,3.0
695,3,3.0
696,3,3.0
697,6,3.0
698,3,3.0
699,3,3.0
700,3,3.0
701,4,4.0
702,3,3.0
703,3,3.0
704,3,3.0
705,3,3.0
706,3,3.0
707,3,3.0
708,3,3.0
709,3,3.0
710,3,3.0
711,3,3.0
712,3,3.0
713,3,3.0
714,3,3.0
715,4,4.0
716,3,3.0
717,3,3.0
718,3,3.0
719,3,3.0
720,3,3.0
721,3,3.0
722,3,3.0
723,3,3.0
724,3,3.0
725,3,3.0
726,3,3.0
727,3,3.0
728,3,3.0
729,3,3.0
730,3,3.0
731,3,3.0
732,3,3.0
733,3,3.0
734,3,3.0
735,3,3.0
736,3,3.0
737,3,3.0
738,3,3.0
739,3,3.0
740,3,3.0
741,3,3.0
742,4,4.0
743,3,3.0
744,3,3.0
745,3,3.0
746,6,3.0
747,3,3.0
748,3,3.0
749,3,3.0
750,3,3.0
751,3,3.0
752,3,3.0
753,3,3.0
754,3,3.0
755,3,3.0
756,3,3.0
757,3,3.0
758,3,3.0
759,3,3.0
760,3,3.0
761,3,3.0
762,3,3.0
763,3,3.0
764,3,3.0
765,3,3.0
766,3,3.0
767,3,3.0
768,3,3.0
769,3,3.0
770,3,3.0
771,4,4.0
772,3,3.0
773,4,4.0
774,3,3.0
775,3,3.0
776,3,3.0
777,3,3.0
778,3,3.0
779,3,3.0
780,3,3.0
781,4,4.0
782,3,3.0
783,4,4.0
784,3,3.0
785,3,3.0
786,3,3.0
787,3,3.0
788,3,3.0
789,3,3.0
790,3,3.0
791,3,3.0
792,3,3.0
793,3,3.0
794,3,3.0
795,3,3.0
796,3,3.0
797,3,3.0
798,3,4.0
799,3,3.0
800,3,3.0
801,4,4.0
802,3,3.0
803,3,3.0
804,3,3.0
805,3,3.0
806,3,3.0
807,3,3.0
808,3,3.0
809,3,3.0
810,3,3.0
811,3,3.0
812,3,3.0
813,3,3.0
814,3,3.0
815,3,3.0
816,3,3.0
817,3,3.0
818,3,3.0
819,3,3.0
820,3,3.0
821,3,3.0
822,4,4.0
823,3,3.0
824,3,3.0
825,3,3.0
826,3,3.0
827,3,3.0
828,3,3.0
829,3,3.0
830,3,3.0
831,3,3.0
832,3,3.0
833,3,3.0
834,3,3.0
835,3,3.0
836,3,3.0
837,1,3.0
838,3,3.0
839,3,3.0
840,3,3.0
841,3,3.0
842,3,3.0
843,3,3.0
844,3,3.0
845,3,3.0
846,3,3.0
847,3,3.0
848,3,3.0
849,3,3.0
850,3,3.0
851,3,3.0
852,3,3.0
853,3,3.0
854,3,3.0
855,3,3.0
856,3,3.0
857,3,3.0
858,3,3.0
859,3,3.0
860,3,3.0
861,4,4.0
862,3,3.0
863,3,3.0
864,3,3.0
865,3,3.0
866,3,3.0
867,3,3.0
868,3,3.0
869,3,3.0
870,3,3.0
871,3,3.0
872,3,3.0
873,3,3.0
874,3,3.0
875,3,3.0
876,3,3.0
877,3,3.0
878,3,3.0
879,3,3.0
880,3,3.0
881,3,3.0
882,3,3.0
883,3,3.0
884,3,3.0
885,3,3.0
886,3,3.0
887,3,3.0
888,3,3.0
889,3,3.0
890,3,3.0
891,3,3.0
892,3,3.0
893,3,3.0
894,3,3.0
895,3,3.0
896,3,3.0
897,3,3.0
898,3,3.0
899,3,3.0
900,3,3.0
901,3,3.0
902,3,3.0
903,3,3.0
904,3,3.0
905,3,3.0
906,3,3.0
907,3,3.0
908,3,3.0
909,3,3.0
910,3,3.0
911,3,3.0
912,3,3.0
913,3,3.0
914,3,3.0
915,3,3.0
916,3,3.0
917,3,3.0
918,3,3.0
919,3,3.0
920,3,3.0
921,3,3.0
922,3,3.0
923,3,3.0
924,3,3.0
925,3,3.0
926,3,3.0
927,3,3.0
928,3,3.0
929,3,3.0
930,3,3.0
931,3,3.0
932,3,3.0
933,3,3.0
934,3,3.0
935,3,3.0
936,6,3.0
937,3,3.0
938,3,3.0
939,3,3.0
940,1,1.0
941,3,3.0
942,3,3.0
943,3,3.0
944,3,3.0
945,3,3.0
946,3,3.0
947,3,3.0
948,3,3.0
949,3,3.0
950,3,3.0
951,3,3.0
952,3,3.0
953,1,1.0
954,3,3.0
955,3,3.0
956,3,3.0
957,3,3.0
958,3,3.0
959,3,3.0
960,3,3.0
961,3,3.0
962,3,3.0
963,3,3.0
964,3,3.0
965,3,3.0
966,3,3.0
967,3,3.0
968,3,3.0
969,3,3.0
970,3,3.0
971,3,3.0
972,3,3.0
973,3,3.0
974,3,3.0
975,3,3.0
976,3,3.0
977,3,3.0
978,3,3.0
979,3,3.0
980,3,3.0
981,3,3.0
982,3,3.0
983,3,3.0
984,3,3.0
985,3,3.0
986,3,3.0
987,3,3.0
988,3,3.0
989,3,3.0
990,3,3.0
991,3,3.0
992,3,3.0
993,3,3.0
994,3,3.0
995,3,3.0
996,3,3.0
997,3,3.0
998,3,3.0
999,3,3.0
1000,3,3.0
1001,3,3.0
1002,3,3.0
1003,3,3.0
1004,3,3.0
1005,3,3.0
1006,3,3.0
1007,3,3.0
1008,3,3.0
1009,3,3.0
1010,3,3.0
1011,3,3.0
1012,6,6.0
1013,3,3.0
1014,3,3.0
1015,3,3.0
1016,3,3.0
1017,3,3.0
1018,3,3.0
1019,3,3.0
1020,3,3.0
1021,3,3.0
1022,3,3.0
1023,3,3.0
1024,3,3.0
1025,3,3.0
1026,3,3.0
1027,3,3.0
1028,3,3.0
1029,3,3.0
1030,3,3.0
1031,3,3.0
1032,3,3.0
1033,3,3.0
1034,3,3.0
1035,6,6.0
1036,3,3.0
1037,3,3.0
1038,3,3.0
1039,3,3.0
1040,3,3.0
1041,3,3.0
1042,3,3.0
1043,3,3.0
1044,3,3.0
1045,3,3.0
1046,3,3.0
1047,3,3.0
1048,3,3.0
1049,3,3.0
1050,3,3.0
1051,3,3.0
1052,3,3.0
1053,3,3.0
1054,3,3.0
1055,3,3.0
1056,3,3.0
1057,3,3.0
1058,3,3.0
1059,3,3.0
1060,3,3.0
1061,3,3.0
1062,3,3.0
1063,3,3.0
1064,3,3.0
1065,3,3.0
1066,3,3.0
1067,3,3.0
1068,3,3.0
1069,3,3.0
1070,3,3.0
1071,3,3.0
1072,3,3.0
1073,3,3.0
1074,3,3.0
1075,3,3.0
1076,3,3.0
1077,3,3.0
1078,3,3.0
1079,3,3.0
1080,3,3.0
1081,3,3.0
1082,4,4.0
1083,6,6.0
1084,6,6.0
1085,6,6.0
1086,4,6.0
1087,4,4.0
1088,4,4.0
1089,4,4.0
1090,4,4.0
1091,4,4.0
1092,4,4.0
1093,4,4.0
1094,6,6.0
1095,4,4.0
1096,4,4.0
1097,4,4.0
1098,6,6.0
1099,6,6.0
1100,4,4.0
1101,4,4.0
1102,4,4.0
1103,6,6.0
1104,4,4.0
1105,6,6.0
1106,6,6.0
1107,6,6.0
1108,2,4.0
1109,6,6.0
1110,4,4.0
1111,6,6.0
1112,4,4.0
1113,4,4.0
1114,2,4.0
1115,4,4.0
1116,6,6.0
1117,6,6.0
1118,5,5.0
1119,6,6.0
1120,6,6.0
1121,4,4.0
1122,4,4.0
1123,5,5.0
1124,4,4.0
1125,4,4.0
1126,6,6.0
1127,4,4.0
1128,4,4.0
1129,4,4.0
1130,4,4.0
1131,4,4.0
1132,4,4.0
1133,4,4.0
1134,4,4.0
1135,4,4.0
1136,4,4.0
1137,4,4.0
1138,4,4.0
1139,4,4.0
1140,4,4.0
1141,4,4.0
1142,4,4.0
1143,4,4.0
1144,4,4.0
1145,4,4.0
1146,4,4.0
1147,4,4.0
1148,4,4.0
1149,4,4.0
1150,4,4.0
1151,4,4.0
1152,4,4.0
1153,4,4.0
1154,4,4.0
1155,4,4.0
1156,4,4.0
1157,4,4.0
1158,4,4.0
1159,4,4.0
1160,4,4.0
1161,6,6.0
1162,4,4.0
1163,4,4.0
1164,4,4.0
1165,4,4.0
1166,4,4.0
1167,4,4.0
1168,4,4.0
1169,4,4.0
1170,4,4.0
1171,4,4.0
1172,4,4.0
1173,4,4.0
1174,4,3.0
1175,3,3.0
1176,3,3.0
1177,4,4.0
1178,4,4.0
1179,4,4.0
1180,4,4.0
1181,4,4.0
1182,6,6.0
1183,4,4.0
1184,4,4.0
1185,3,3.0
1186,4,4.0
1187,6,6.0
1188,4,4.0
1189,2,2.0
1190,4,4.0
1191,4,4.0
1192,3,4.0
1193,4,4.0
1194,4,4.0
1195,4,4.0
1196,4,4.0
1197,4,4.0
1198,3,3.0
1199,4,4.0
1200,4,4.0
1201,4,4.0
1202,4,4.0
1203,4,4.0
1204,4,4.0
1205,4,4.0
1206,3,3.0
1207,4,4.0
1208,4,4.0
1209,4,4.0
1210,4,4.0
1211,4,4.0
1212,4,4.0
1213,4,4.0
1214,4,4.0
1215,4,4.0
1216,4,4.0
1217,4,4.0
1218,4,4.0
1219,4,4.0
1220,4,4.0
1221,4,4.0
1222,4,4.0
1223,6,6.0
1224,4,4.0
1225,4,4.0
1226,4,4.0
1227,4,4.0
1228,3,4.0
1229,3,3.0
1230,4,4.0
1231,3,3.0
1232,3,3.0
1233,6,6.0
1234,4,4.0
1235,6,6.0
1236,4,4.0
1237,4,4.0
1238,3,3.0
1239,3,3.0
1240,3,3.0
1241,4,4.0
1242,4,4.0
1243,3,3.0
1244,4,4.0
1245,4,4.0
1246,3,3.0
1247,4,4.0
1248,3,3.0
1249,4,4.0
1250,3,3.0
1251,3,4.0
1252,3,3.0
1253,3,3.0
1254,4,4.0
1255,4,4.0
1256,3,3.0
1257,4,4.0
1258,4,4.0
1259,4,3.0
1260,3,3.0
1261,3,3.0
1262,4,4.0
1263,3,3.0
1264,4,4.0
1265,3,3.0
1266,3,3.0
1267,3,3.0
1268,3,3.0
1269,3,3.0
1270,3,3.0
1271,4,4.0
1272,3,3.0
1273,3,3.0
1274,3,3.0
1275,4,4.0
1276,3,3.0
1277,4,4.0
1278,4,4.0
1279,3,3.0
1280,3,3.0
1281,3,3.0
1282,3,3.0
1283,3,3.0
1284,3,3.0
1285,3,3.0
1286,3,3.0
1287,3,3.0
1288,4,4.0
1289,4,4.0
1290,4,4.0
1291,6,6.0
1292,3,3.0
1293,5,5.0
1294,6,6.0
1295,5,5.0
1296,5,5.0
1297,1,1.0
1298,5,5.0
1299,5,5.0
1300,6,6.0
1301,5,5.0
1302,5,5.0
1303,5,5.0
1304,5,5.0
1305,5,5.0
1306,5,5.0
1307,5,5.0
1308,5,5.0
1309,4,4.0
1310,5,5.0
1311,5,5.0
1312,6,6.0
1313,5,5.0
1314,5,5.0
1315,5,5.0
1316,5,5.0
1317,5,5.0
1318,5,5.0
1319,5,5.0
1320,5,5.0
1321,5,5.0
1322,5,5.0
1323,5,5.0
1324,6,6.0
1325,1,1.0
1326,5,5.0
1327,5,5.0
1328,5,5.0
1329,5,5.0
1330,5,5.0
1331,5,5.0
1332,5,5.0
1333,5,5.0
1334,5,5.0
1335,5,5.0
1336,5,5.0
1337,5,5.0
1338,5,5.0
1339,5,5.0
1340,5,5.0
1341,5,5.0
1342,5,5.0
1343,5,5.0
1344,1,1.0
1345,5,5.0
1346,1,1.0
1347,1,1.0
1348,6,6.0
1349,5,5.0
1350,5,5.0
1351,6,6.0
1352,4,4.0
1353,5,5.0
1354,5,5.0
1355,5,5.0
1356,5,5.0
1357,6,6.0
1358,5,5.0
1359,5,5.0
1360,1,1.0
1361,5,5.0
1362,6,6.0
1363,6,6.0
1364,5,5.0
1365,5,5.0
1366,5,5.0
1367,5,5.0
1368,5,5.0
1369,5,5.0
1370,5,5.0
1371,5,5.0
1372,5,5.0
1373,5,5.0
1374,5,5.0
1375,5,5.0
1376,5,5.0
1377,5,5.0
1378,6,6.0
1379,6,6.0
1380,1,1.0
1381,5,5.0
1382,5,5.0
1383,5,5.0
1384,5,5.0
1385,5,5.0
1386,5,5.0
1387,5,5.0
1388,5,5.0
1389,5,5.0
1390,5,5.0
1391,5,5.0
1392,5,5.0
1393,6,6.0
1394,5,5.0
1395,5,5.0
1396,5,5.0
1397,5,5.0
1398,5,5.0
1399,5,5.0
1400,5,5.0
1401,5,5.0
1402,5,5.0
1403,5,5.0
1404,5,5.0
1405,5,5.0
1406,6,6.0
1407,5,5.0
1408,5,5.0
1409,5,5.0
1410,5,5.0
1411,5,5.0
1412,5,5.0
1413,5,5.0
1414,5,5.0
1415,5,5.0
1416,5,5.0
1417,5,5.0
1418,5,5.0
1419,5,5.0
1420,1,1.0
1421,1,1.0
1422,5,5.0
1423,5,5.0
1424,5,5.0
1425,5,5.0
1426,5,5.0
1427,5,5.0
1428,5,5.0
1429,5,5.0
1430,5,5.0
1431,5,5.0
1432,5,5.0
1433,5,5.0
1434,5,5.0
1435,5,5.0
1436,5,5.0
1437,5,5.0
1438,5,5.0
1439,5,5.0
1440,5,5.0
1441,6,6.0
1442,5,5.0
1443,6,6.0
1444,5,5.0
1445,5,5.0
1446,5,5.0
1447,5,5.0
1448,5,5.0
1449,5,5.0
1450,5,5.0
1451,5,5.0
1452,6,6.0
1453,5,5.0
1454,5,5.0
1455,5,5.0
1456,5,5.0
1457,5,5.0
1458,5,5.0
1459,5,5.0
1460,5,5.0
1461,5,5.0
1462,5,5.0
1463,5,5.0
1464,5,5.0
1465,5,5.0
1466,5,5.0
1467,5,5.0
1468,5,5.0
1469,5,5.0
1470,5,5.0
1471,5,5.0
1472,5,5.0
1473,5,5.0
1474,5,5.0
1475,5,5.0
1476,5,5.0
1477,5,5.0
1478,5,5.0
1479,6,5.0
1480,5,5.0
1481,5,5.0
1482,5,5.0
1483,5,5.0
1484,5,5.0
1485,5,5.0
1486,5,5.0
1487,5,5.0
1488,5,5.0
1489,5,5.0
1490,5,5.0
1491,5,5.0
1492,5,5.0
1493,1,5.0
1494,5,5.0
1495,1,1.0
1496,5,5.0
1497,5,5.0
1498,5,5.0
1499,1,1.0
1500,5,5.0
1501,5,5.0
1502,5,5.0
1503,2,2.0
1504,5,5.0
1505,2,2.0
1506,5,5.0
1507,5,5.0
1508,6,6.0
1509,3,3.0
1510,5,5.0
1511,5,5.0
1512,5,5.0
1513,5,5.0
1514,5,5.0
1515,5,5.0
1516,5,5.0
1517,6,6.0
1518,4,6.0
1519,6,6.0
1520,5,5.0
1521,5,5.0
1522,3,3.0
1523,6,6.0
1524,4,4.0
1525,6,6.0
1526,5,5.0
1527,5,6.0
1528,6,5.0
1529,3,3.0
1530,6,6.0
1531,4,4.0
1532,6,6.0
1533,6,6.0
1534,6,6.0
1535,6,6.0
1536,6,6.0
1537,6,6.0
1538,6,6.0
1539,6,6.0
1540,6,6.0
1541,4,6.0
1542,6,6.0
1543,6,6.0
1544,6,6.0
1545,6,6.0
1546,6,6.0
1547,6,6.0
1548,6,6.0
1549,6,6.0
1550,4,4.0
1551,5,5.0
1552,4,4.0
1553,6,6.0
1554,6,6.0
1555,6,6.0
1556,6,6.0
1557,6,6.0
1558,6,6.0
1559,6,6.0
1560,6,6.0
1561,6,6.0
1562,6,6.0
1563,6,6.0
1564,6,6.0
1565,6,6.0
1566,4,4.0
1567,6,6.0
1568,4,4.0
1569,6,6.0
1570,6,6.0
1571,4,4.0
1572,6,6.0
1573,6,6.0
1574,6,6.0
1575,6,6.0
1576,6,6.0
1577,5,5.0
1578,6,6.0
1579,6,6.0
1580,6,6.0
1581,6,6.0
1582,6,6.0
1583,6,6.0
1584,6,6.0
1585,6,6.0
1586,4,4.0
1587,6,6.0
1588,6,6.0
1589,6,6.0
1590,4,4.0
1591,6,6.0
1592,5,6.0
1593,6,6.0
1594,6,6.0
1595,3,3.0
1596,6,6.0
1597,6,6.0
1598,6,6.0
1599,6,6.0
1600,6,6.0
1601,6,6.0
1602,6,6.0
1603,6,6.0
1604,6,6.0
1605,6,6.0
1606,6,6.0
1607,6,6.0
1608,6,6.0
1609,6,6.0
1610,6,6.0
1611,6,6.0
1612,6,6.0
1613,6,6.0
1614,6,6.0
1615,6,6.0
1616,6,6.0
1617,6,6.0
1618,6,6.0
1619,6,6.0
1620,6,6.0
1621,6,6.0
1622,6,6.0
1623,6,6.0
1624,6,6.0
1625,6,6.0
1626,6,6.0
1627,6,6.0
1628,6,6.0
1629,6,6.0
1630,6,6.0
1631,6,6.0
1632,6,6.0
1633,6,6.0
1634,6,6.0
1635,6,6.0
1636,6,6.0
1637,6,6.0
1638,6,6.0
1639,6,6.0
1640,6,6.0
1641,6,6.0
1642,6,6.0
1643,6,6.0
1644,6,6.0
1645,4,4.0
1646,6,6.0
1647,6,6.0
1648,6,6.0
1649,6,6.0
1650,6,6.0
1651,6,6.0
1652,4,4.0
1653,6,6.0
1654,6,6.0
1655,6,6.0
1656,6,6.0
1657,6,6.0
1658,6,6.0
1659,6,6.0
1660,6,6.0
1661,6,6.0
1662,6,6.0
1663,6,6.0
1664,5,5.0
1665,6,6.0
1666,6,6.0
1667,6,6.0
1668,6,6.0
1669,6,6.0
1670,6,6.0
1671,6,6.0
1672,6,6.0
1673,6,6.0
1674,6,6.0
1675,6,6.0
1676,6,6.0
1677,6,6.0
1678,6,6.0
1679,6,6.0
1680,6,6.0
1681,6,6.0
1682,6,6.0
1683,6,6.0
1684,6,6.0
1685,6,6.0
1686,6,6.0
1687,6,6.0
1688,6,6.0
1689,6,6.0
1690,6,6.0
1691,6,6.0
1692,6,6.0
1693,6,6.0
1694,6,6.0
1695,6,6.0
1696,6,6.0
1697,6,6.0
1698,6,6.0
1699,6,6.0
1700,6,6.0
1701,6,6.0
1702,6,6.0
1703,6,6.0
1704,6,6.0
1705,6,6.0
1706,6,6.0
1707,6,6.0
1708,6,6.0
1709,6,6.0
1710,6,6.0
1711,6,6.0
1712,6,6.0
1713,6,6.0
1714,6,6.0
1715,6,6.0
1716,6,6.0
1717,6,6.0
1718,6,6.0
1719,6,6.0
1720,6,6.0
1721,6,6.0
1722,6,6.0
1723,6,6.0
1724,6,6.0
1725,6,6.0
1726,6,6.0
1727,1,5.0
1728,6,6.0
1729,6,6.0
1730,6,6.0
1731,6,6.0
1732,6,6.0
1733,6,6.0
1734,6,6.0
1735,6,6.0
1736,6,6.0
1737,6,6.0
1738,6,6.0
1739,6,6.0
1740,6,6.0
1741,6,6.0
1742,6,6.0
1743,6,6.0
1744,6,6.0
1745,6,6.0
1746,6,6.0
1747,6,6.0
1748,6,6.0
1749,6,6.0
1750,6,6.0
1751,6,6.0
1752,6,6.0
1753,6,6.0
1754,6,6.0
1755,6,6.0
1756,6,6.0
1757,6,6.0
1758,6,6.0
1759,6,6.0
1760,6,6.0
1761,6,6.0
1762,6,6.0
1763,6,6.0
1764,6,6.0
1765,6,6.0
1766,6,6.0
1767,6,6.0
1768,6,6.0
1769,6,6.0
1770,6,6.0
1771,6,6.0
1772,5,5.0
1773,6,6.0
1774,6,6.0
1775,6,6.0
1776,6,6.0
1777,6,6.0
1778,6,6.0
1779,6,6.0
1780,6,6.0
1781,6,6.0
1782,6,6.0
1783,6,6.0
1784,3,3.0
1785,6,6.0
1786,6,6.0
1787,6,6.0
1788,6,6.0
1789,6,6.0
1790,6,6.0
1791,3,3.0
1792,6,6.0
1793,6,6.0
1794,6,6.0
1795,6,6.0
1796,6,6.0
1797,6,6.0
1798,6,6.0
1799,6,6.0
1800,6,6.0
1801,6,6.0
1802,6,6.0
1803,6,6.0
1804,6,6.0
1805,6,6.0
1806,6,6.0
1807,6,6.0
1808,6,6.0
1809,6,6.0
1810,6,6.0
1811,6,6.0
1812,6,6.0
1813,6,6.0
1814,6,6.0
1815,6,6.0
1816,6,6.0
1817,6,6.0
1818,6,6.0
1819,6,6.0
1820,6,6.0
1821,6,6.0
1822,6,6.0
1823,6,6.0
1824,6,6.0
1825,6,6.0
1826,6,6.0
1827,6,6.0
1828,6,6.0
1829,6,6.0
1830,6,6.0
1831,6,6.0
1832,6,6.0
1833,5,5.0
1834,6,6.0
1835,6,6.0
1836,6,6.0
1837,6,6.0
1838,6,6.0
1839,6,6.0
1840,6,6.0
1841,6,6.0
1842,6,6.0
1843,6,6.0
1844,6,6.0
1845,6,6.0
1846,6,6.0
1847,6,6.0
1848,6,6.0
1849,6,6.0
1850,6,6.0
1851,6,6.0
1852,6,6.0
1853,6,6.0
1854,6,6.0
1855,6,6.0
1856,6,6.0
1857,5,5.0
1858,6,6.0
1859,6,6.0
1860,6,6.0
1861,6,6.0
1862,6,6.0
1863,6,6.0
1864,6,6.0
1865,4,4.0
1866,6,6.0
1867,6,6.0
1868,6,6.0
1869,6,6.0
1870,6,6.0
1871,6,6.0
1872,6,6.0
1873,6,6.0
1874,6,6.0
1875,6,6.0
1876,6,6.0
1877,4,4.0
1878,4,4.0
1879,3,3.0
1880,6,6.0
1881,4,5.0
1882,6,6.0
1883,6,6.0
1884,6,6.0
1885,6,6.0
1886,3,3.0
1887,6,6.0
1888,6,6.0
1889,6,6.0
1890,6,6.0
1891,6,6.0
1892,6,6.0
1893,4,4.0
1894,6,4.0
1895,6,6.0
1896,6,6.0
1897,6,6.0
1898,6,6.0
1899,3,3.0
1900,4,4.0
1901,4,4.0
1902,6,6.0
1903,4,4.0
1904,4,4.0
1905,3,3.0
1906,6,6.0
1907,6,6.0
1908,6,6.0
1909,6,6.0
1910,6,6.0
1911,6,6.0
1912,6,6.0
1913,6,6.0
1914,4,6.0
1915,4,4.0
1916,4,4.0
1917,6,6.0
1918,6,6.0
1919,4,4.0
1920,4,4.0
1921,4,4.0
1922,6,6.0
1923,6,6.0
1924,6,6.0
1925,6,6.0
1926,4,4.0
1927,6,6.0
1928,4,4.0
1929,4,4.0
1930,6,6.0
1931,4,4.0
1932,4,4.0
1933,6,6.0
1934,6,6.0
1935,4,4.0
1936,4,3.0
1937,3,4.0
1938,4,4.0
1939,6,6.0
1940,4,4.0
1941,6,6.0
1942,4,4.0
1943,4,4.0
1944,4,4.0
1945,6,6.0
1946,3,3.0
1947,4,4.0
1948,4,4.0
1949,3,3.0
1950,3,3.0
1951,3,3.0
1952,6,6.0
1953,6,6.0
1954,4,4.0
1955,4,4.0
1956,6,6.0
1957,6,6.0
1958,4,4.0
1959,6,3.0
1960,4,4.0
1961,3,3.0
1962,6,6.0
1963,6,6.0
1964,6,6.0
1965,6,6.0
1966,3,3.0
1967,6,6.0
1968,6,6.0
1969,4,4.0
1970,6,6.0
1971,6,6.0
1972,6,6.0
1973,6,6.0
1974,6,6.0
1975,6,6.0
1976,6,6.0
1977,6,6.0
1978,3,3.0
1979,6,6.0
1980,6,6.0
1981,6,6.0
1982,3,3.0
1983,3,3.0
1984,3,3.0
1985,6,6.0
1986,6,6.0
1987,6,6.0
1988,6,6.0
1989,6,6.0
1990,6,6.0
1991,6,6.0
1992,6,6.0
1993,6,6.0
1994,6,6.0
1995,6,6.0
1996,6,6.0
1997,4,4.0
1998,6,6.0
1999,4,4.0
